,price,img
0,14.11,<PIL.Image.Image image mode=RGB size=300x300 at 0x1BA8E90D790>
1,9.99,<PIL.Image.Image image mode=RGB size=300x300 at 0x1BA905E4210>
2,11.99,<PIL.Image.Image image mode=RGB size=300x300 at 0x1BA905E4410>
3,7.99,<PIL.Image.Image image mode=RGB size=300x300 at 0x1BA905E4550>
4,9.49,<PIL.Image.Image image mode=RGB size=300x300 at 0x1BA905E4790>
5,46.33,<PIL.Image.Image image mode=RGB size=300x300 at 0x1BA905E4990>
6,49.165,<PIL.Image.Image image mode=RGB size=300x300 at 0x1BA8EA62E10>
7,29.625,<PIL.Image.Image image mode=RGB size=300x300 at 0x1BA905E5090>
8,15.052,<PIL.Image.Image image mode=RGB size=300x300 at 0x1BA905E5350>
9,9.49,<PIL.Image.Image image mode=RGB size=300x300 at 0x1BA905E5410>
10,11.99,<PIL.Image.Image image mode=RGB size=300x300 at 0x1BA905E5650>
11,11.99,<PIL.Image.Image image mode=RGB size=300x300 at 0x1BA905E5890>
12,15.546,<PIL.Image.Image image mode=RGB size=300x300 at 0x1BA905E5A50>
13,66.516,<PIL.Image.Image image mode=RGB size=300x300 at 0x1BA905E5C10>
14,11.81,<PIL.Image.Image image mode=RGB size=300x300 at 0x1BA905E5E90>
15,15.546,<PIL.Image.Image image mode=RGB size=300x300 at 0x1BA905E6050>
16,33.99,<PIL.Image.Image image mode=RGB size=300x300 at 0x1BA8FCEE1D0>
17,12.49,<PIL.Image.Image image mode=RGB size=300x300 at 0x1BA905E63D0>
18,12.2,<PIL.Image.Image image mode=RGB size=300x300 at 0x1BA905E6650>
19,19.03,<PIL.Image.Image image mode=RGB size=300x300 at 0x1BA8FCECB50>
20,31.136,<PIL.Image.Image image mode=RGB size=300x300 at 0x1BA905E6990>
21,9.99,<PIL.Image.Image image mode=RGB size=300x300 at 0x1BA905E6C10>
22,20.63,<PIL.Image.Image image mode=RGB size=300x300 at 0x1BA905E6D50>
23,28.796,<PIL.Image.Image image mode=RGB size=300x300 at 0x1BA905E6F50>
24,43.29,<PIL.Image.Image image mode=RGB size=300x300 at 0x1BA90567110>
25,15.548,<PIL.Image.Image image mode=RGB size=300x300 at 0x1BA905E72D0>
26,19.98,<PIL.Image.Image image mode=RGB size=300x300 at 0x1BA905E7510>
27,7.99,<PIL.Image.Image image mode=RGB size=300x300 at 0x1BA8E35F710>
28,15.546,<PIL.Image.Image image mode=RGB size=300x300 at 0x1BA8FC0F8D0>
29,102.77,<PIL.Image.Image image mode=RGB size=300x300 at 0x1BA905E7CD0>
30,14.81,<PIL.Image.Image image mode=RGB size=300x300 at 0x1BA905E7D90>
31,56.304,<PIL.Image.Image image mode=RGB size=300x300 at 0x1BA905E7F90>
32,80.841,<PIL.Image.Image image mode=RGB size=300x300 at 0x1BA905EC1D0>
33,47.18,<PIL.Image.Image image mode=RGB size=300x300 at 0x1BA905E43D0>
34,26.99,<PIL.Image.Image image mode=RGB size=300x300 at 0x1BA905EC590>
35,25.73,<PIL.Image.Image image mode=RGB size=300x300 at 0x1BA905E4750>
36,29.625,<PIL.Image.Image image mode=RGB size=300x300 at 0x1BA905EC9D0>
37,14.11,<PIL.Image.Image image mode=RGB size=300x300 at 0x1BA905ECC10>
38,66.976,<PIL.Image.Image image mode=RGB size=300x300 at 0x1BA905ECD90>
39,109.99,<PIL.Image.Image image mode=RGB size=300x300 at 0x1BA905ED010>
40,36.074,<PIL.Image.Image image mode=RGB size=300x300 at 0x1BA905ED190>
41,28.796,<PIL.Image.Image image mode=RGB size=300x300 at 0x1BA905ED350>
42,10.9,<PIL.Image.Image image mode=RGB size=300x300 at 0x1BA905ED5D0>
43,59.99,<PIL.Image.Image image mode=RGB size=300x300 at 0x1BA905ED750>
44,30.02,<PIL.Image.Image image mode=RGB size=300x300 at 0x1BA80085910>
45,19.03,<PIL.Image.Image image mode=RGB size=300x300 at 0x1BA905EDB10>
46,82.97,<PIL.Image.Image image mode=RGB size=300x300 at 0x1BA905EDD10>
47,52.99,<PIL.Image.Image image mode=RGB size=300x300 at 0x1BA905EDF10>
48,50.048,<PIL.Image.Image image mode=RGB size=300x300 at 0x1BA8B690650>
49,88.416,<PIL.Image.Image image mode=RGB size=300x300 at 0x1BA905EE2D0>
50,74.152,<PIL.Image.Image image mode=RGB size=300x300 at 0x1BA905EE490>
51,25.59,<PIL.Image.Image image mode=RGB size=300x300 at 0x1BA8E8E4A50>
52,50.048,<PIL.Image.Image image mode=RGB size=300x300 at 0x1BA905EE890>
53,29.625,<PIL.Image.Image image mode=RGB size=300x300 at 0x1BA905EED50>
54,30.296,<PIL.Image.Image image mode=RGB size=300x300 at 0x1BA905EEB10>
55,24.859,<PIL.Image.Image image mode=RGB size=300x300 at 0x1BA905E6F10>
56,11.99,<PIL.Image.Image image mode=RGB size=300x300 at 0x1BA8FE0F0D0>
57,29.99,<PIL.Image.Image image mode=RGB size=300x300 at 0x1BA905E7290>
58,61.824,<PIL.Image.Image image mode=RGB size=300x300 at 0x1BA905EF410>
59,39.99,<PIL.Image.Image image mode=RGB size=300x300 at 0x1BA905EF610>
60,61.824,<PIL.Image.Image image mode=RGB size=300x300 at 0x1BA905EF810>
61,15.052,<PIL.Image.Image image mode=RGB size=300x300 at 0x1BA905EFA10>
62,28.796,<PIL.Image.Image image mode=RGB size=300x300 at 0x1BA90567BD0>
63,16.99,<PIL.Image.Image image mode=RGB size=300x300 at 0x1BA905EFE10>
64,88.416,<PIL.Image.Image image mode=RGB size=300x300 at 0x1BA905EFFD0>
65,15.052,<PIL.Image.Image image mode=RGB size=300x300 at 0x1BA905F8250>
66,66.976,<PIL.Image.Image image mode=RGB size=300x300 at 0x1BA905F8450>
67,26.99,<PIL.Image.Image image mode=RGB size=300x300 at 0x1BA8FB105D0>
68,55.5,<PIL.Image.Image image mode=RGB size=300x300 at 0x1BA905F8810>
69,119.99,<PIL.Image.Image image mode=RGB size=300x300 at 0x1BA905F8990>
70,25.06,<PIL.Image.Image image mode=RGB size=300x300 at 0x1BA905F8E90>
71,59.99,<PIL.Image.Image image mode=RGB size=300x300 at 0x1BA905F8C10>
72,44.528,<PIL.Image.Image image mode=RGB size=300x300 at 0x1BA905F9010>
73,11.81,<PIL.Image.Image image mode=RGB size=300x300 at 0x1BA8FD89290>
74,57.56,<PIL.Image.Image image mode=RGB size=300x300 at 0x1BA905F9650>
75,24.92,<PIL.Image.Image image mode=RGB size=300x300 at 0x1BA905F94D0>
76,29.42,<PIL.Image.Image image mode=RGB size=300x300 at 0x1BA905F97D0>
77,66.976,<PIL.Image.Image image mode=RGB size=300x300 at 0x1BA905F99D0>
78,16.99,<PIL.Image.Image image mode=RGB size=300x300 at 0x1BA905F9B50>
79,12.99,<PIL.Image.Image image mode=RGB size=300x300 at 0x1BA905F9D10>
80,47.18,<PIL.Image.Image image mode=RGB size=300x300 at 0x1BA905F9ED0>
81,85.5,<PIL.Image.Image image mode=RGB size=300x300 at 0x1BA905FA010>
82,15.052,<PIL.Image.Image image mode=RGB size=300x300 at 0x1BA905FA210>
83,98.0,<PIL.Image.Image image mode=RGB size=300x300 at 0x1BA905FA390>
84,13.13,<PIL.Image.Image image mode=RGB size=300x300 at 0x1BA905FA590>
85,39.99,<PIL.Image.Image image mode=RGB size=300x300 at 0x1BA905FA750>
86,74.11,<PIL.Image.Image image mode=RGB size=300x300 at 0x1BA8FD7A8D0>
87,30.53,<PIL.Image.Image image mode=RGB size=300x300 at 0x1BA905FAA90>
88,75.2,<PIL.Image.Image image mode=RGB size=300x300 at 0x1BA905FAC50>
89,24.97,<PIL.Image.Image image mode=RGB size=300x300 at 0x1BA905FADD0>
90,82.8,<PIL.Image.Image image mode=RGB size=300x300 at 0x1BA905FB010>
91,15.052,<PIL.Image.Image image mode=RGB size=300x300 at 0x1BA905FB150>
92,39.95,<PIL.Image.Image image mode=RGB size=300x300 at 0x1BA905FB350>
93,39.1,<PIL.Image.Image image mode=RGB size=300x300 at 0x1BA905FB4D0>
94,26.99,<PIL.Image.Image image mode=RGB size=300x300 at 0x1BA905FB7D0>
95,26.99,<PIL.Image.Image image mode=RGB size=300x300 at 0x1BA905FB8D0>
96,50.048,<PIL.Image.Image image mode=RGB size=300x300 at 0x1BA905FBA90>
97,28.796,<PIL.Image.Image image mode=RGB size=300x300 at 0x1BA905FBC50>
98,59.524,<PIL.Image.Image image mode=RGB size=300x300 at 0x1BA90573D90>
99,28.796,<PIL.Image.Image image mode=RGB size=300x300 at 0x1BA905FBF90>
100,41.51,<PIL.Image.Image image mode=RGB size=300x300 at 0x1BA90604490>
101,39.99,<PIL.Image.Image image mode=RGB size=300x300 at 0x1BA90604310>
102,56.304,<PIL.Image.Image image mode=RGB size=300x300 at 0x1BA90604610>
103,93.6,<PIL.Image.Image image mode=RGB size=300x300 at 0x1BA905EC750>
104,76.0,<PIL.Image.Image image mode=RGB size=300x300 at 0x1BA905E4950>
105,28.796,<PIL.Image.Image image mode=RGB size=300x300 at 0x1BA90604AD0>
106,43.29,<PIL.Image.Image image mode=RGB size=300x300 at 0x1BA90604E10>
107,10.9,<PIL.Image.Image image mode=RGB size=300x300 at 0x1BA90604F10>
108,56.304,<PIL.Image.Image image mode=RGB size=300x300 at 0x1BA8E4A5050>
109,29.625,<PIL.Image.Image image mode=RGB size=300x300 at 0x1BA905E51D0>
110,44.528,<PIL.Image.Image image mode=RGB size=300x300 at 0x1BA90605390>
111,82.8,<PIL.Image.Image image mode=RGB size=300x300 at 0x1BA90605510>
112,59.524,<PIL.Image.Image image mode=RGB size=300x300 at 0x1BA905ED710>
113,56.304,<PIL.Image.Image image mode=RGB size=300x300 at 0x1BA905E5850>
114,43.02,<PIL.Image.Image image mode=RGB size=300x300 at 0x1BA90605A10>
115,82.8,<PIL.Image.Image image mode=RGB size=300x300 at 0x1BA8FE0E910>
116,26.09,<PIL.Image.Image image mode=RGB size=300x300 at 0x1BA905EDCD0>
117,16.01,<PIL.Image.Image image mode=RGB size=300x300 at 0x1BA90605ED0>
118,30.53,<PIL.Image.Image image mode=RGB size=300x300 at 0x1BA90606350>
119,17.42,<PIL.Image.Image image mode=RGB size=300x300 at 0x1BA8FB39490>
120,39.99,<PIL.Image.Image image mode=RGB size=300x300 at 0x1BA90606510>
121,44.528,<PIL.Image.Image image mode=RGB size=300x300 at 0x1BA905E6610>
122,220.5,<PIL.Image.Image image mode=RGB size=300x300 at 0x1BA90606850>
123,75.2,<PIL.Image.Image image mode=RGB size=300x300 at 0x1BA906069D0>
124,15.052,<PIL.Image.Image image mode=RGB size=300x300 at 0x1BA8FE0EB10>
125,44.528,<PIL.Image.Image image mode=RGB size=300x300 at 0x1BA90606C90>
126,49.99,<PIL.Image.Image image mode=RGB size=300x300 at 0x1BA90606E90>
127,74.152,<PIL.Image.Image image mode=RGB size=300x300 at 0x1BA90607090>
128,39.99,<PIL.Image.Image image mode=RGB size=300x300 at 0x1BA90607210>
129,71.44,<PIL.Image.Image image mode=RGB size=300x300 at 0x1BA906076D0>
130,14.29,<PIL.Image.Image image mode=RGB size=300x300 at 0x1BA906073D0>
131,71.44,<PIL.Image.Image image mode=RGB size=300x300 at 0x1BA90607850>
132,125.99,<PIL.Image.Image image mode=RGB size=300x300 at 0x1BA905EF9D0>
133,29.625,<PIL.Image.Image image mode=RGB size=300x300 at 0x1BA90607B90>
134,49.67,<PIL.Image.Image image mode=RGB size=300x300 at 0x1BA90610090>
135,307.8,<PIL.Image.Image image mode=RGB size=300x300 at 0x1BA905EC150>
136,185.0,<PIL.Image.Image image mode=RGB size=300x300 at 0x1BA90610190>
137,13.99,<PIL.Image.Image image mode=RGB size=300x300 at 0x1BA906103D0>
138,14.29,<PIL.Image.Image image mode=RGB size=300x300 at 0x1BA90610590>
139,88.416,<PIL.Image.Image image mode=RGB size=300x300 at 0x1BA8FD886D0>
140,26.99,<PIL.Image.Image image mode=RGB size=300x300 at 0x1BA90610890>
141,28.796,<PIL.Image.Image image mode=RGB size=300x300 at 0x1BA8FBD0A10>
142,28.796,<PIL.Image.Image image mode=RGB size=300x300 at 0x1BA905F8B90>
143,55.58,<PIL.Image.Image image mode=RGB size=300x300 at 0x1BA90610D10>
144,269.1,<PIL.Image.Image image mode=RGB size=300x300 at 0x1BA90610ED0>
145,82.8,<PIL.Image.Image image mode=RGB size=300x300 at 0x1BA90611090>
146,15.052,<PIL.Image.Image image mode=RGB size=300x300 at 0x1BA905F9290>
147,38.49,<PIL.Image.Image image mode=RGB size=300x300 at 0x1BA906114D0>
148,255.6,<PIL.Image.Image image mode=RGB size=300x300 at 0x1BA90611590>
149,44.528,<PIL.Image.Image image mode=RGB size=300x300 at 0x1BA90611750>
150,102.77,<PIL.Image.Image image mode=RGB size=300x300 at 0x1BA90611950>
151,14.29,<PIL.Image.Image image mode=RGB size=300x300 at 0x1BA90611B50>
152,239.4,<PIL.Image.Image image mode=RGB size=300x300 at 0x1BA90611D50>
153,239.4,<PIL.Image.Image image mode=RGB size=300x300 at 0x1BA90611E50>
154,14.29,<PIL.Image.Image image mode=RGB size=300x300 at 0x1BA90612090>
155,30.53,<PIL.Image.Image image mode=RGB size=300x300 at 0x1BA90612510>
156,296.1,<PIL.Image.Image image mode=RGB size=300x300 at 0x1BA8FD7A390>
157,118.994,<PIL.Image.Image image mode=RGB size=300x300 at 0x1BA90612910>
158,29.624,<PIL.Image.Image image mode=RGB size=300x300 at 0x1BAF00E1490>
159,237.6,<PIL.Image.Image image mode=RGB size=300x300 at 0x1BA90612A10>
160,68.706,<PIL.Image.Image image mode=RGB size=300x300 at 0x1BA90612BD0>
161,220.5,<PIL.Image.Image image mode=RGB size=300x300 at 0x1BA90612E50>
162,14.29,<PIL.Image.Image image mode=RGB size=300x300 at 0x1BA8FBD2F90>
163,29.12,<PIL.Image.Image image mode=RGB size=300x300 at 0x1BA905FB110>
164,55.108,<PIL.Image.Image image mode=RGB size=300x300 at 0x1BAF00E0250>
165,17.988,<PIL.Image.Image image mode=RGB size=300x300 at 0x1BAF00E3590>
166,36.11,<PIL.Image.Image image mode=RGB size=300x300 at 0x1BA906135D0>
167,29.53,<PIL.Image.Image image mode=RGB size=300x300 at 0x1BA905FB750>
168,239.4,<PIL.Image.Image image mode=RGB size=300x300 at 0x1BA905FB890>
169,17.988,<PIL.Image.Image image mode=RGB size=300x300 at 0x1BA90613B90>
170,16.788,<PIL.Image.Image image mode=RGB size=300x300 at 0x1BA90613D50>
171,220.5,<PIL.Image.Image image mode=RGB size=300x300 at 0x1BA90613E50>
172,45.99,<PIL.Image.Image image mode=RGB size=300x300 at 0x1BA90613FD0>
173,25.188,<PIL.Image.Image image mode=RGB size=300x300 at 0x1BA90618150>
174,23.47,<PIL.Image.Image image mode=RGB size=300x300 at 0x1BA90618350>
175,19.99,<PIL.Image.Image image mode=RGB size=300x300 at 0x1BA90618550>
176,52.706,<PIL.Image.Image image mode=RGB size=300x300 at 0x1BA90618790>
177,31.188,<PIL.Image.Image image mode=RGB size=300x300 at 0x1BA906189D0>
178,29.12,<PIL.Image.Image image mode=RGB size=300x300 at 0x1BA90610850>
179,37.38,<PIL.Image.Image image mode=RGB size=300x300 at 0x1BA90618C90>
180,16.788,<PIL.Image.Image image mode=RGB size=300x300 at 0x1BA90610E90>
181,31.37,<PIL.Image.Image image mode=RGB size=300x300 at 0x1BA90618F50>
182,31.188,<PIL.Image.Image image mode=RGB size=300x300 at 0x1BA8E9E11D0>
183,28.788,<PIL.Image.Image image mode=RGB size=300x300 at 0x1BA90611350>
184,33.48,<PIL.Image.Image image mode=RGB size=300x300 at 0x1BAF00E1010>
185,17.988,<PIL.Image.Image image mode=RGB size=300x300 at 0x1BA90619510>
186,45.65,<PIL.Image.Image image mode=RGB size=300x300 at 0x1BA90619710>
187,41.65,<PIL.Image.Image image mode=RGB size=300x300 at 0x1BA8E9E1890>
188,30.44,<PIL.Image.Image image mode=RGB size=300x300 at 0x1BA90619A50>
189,49.84,<PIL.Image.Image image mode=RGB size=300x300 at 0x1BA90619C10>
190,79.99,<PIL.Image.Image image mode=RGB size=300x300 at 0x1BA90619E90>
191,25.188,<PIL.Image.Image image mode=RGB size=300x300 at 0x1BA9061A0D0>
192,17.268,<PIL.Image.Image image mode=RGB size=300x300 at 0x1BAF00E2250>
193,25.788,<PIL.Image.Image image mode=RGB size=300x300 at 0x1BA8FD89310>
194,31.788,<PIL.Image.Image image mode=RGB size=300x300 at 0x1BA905FA550>
195,29.53,<PIL.Image.Image image mode=RGB size=300x300 at 0x1BA9061A610>
196,29.53,<PIL.Image.Image image mode=RGB size=300x300 at 0x1BA9061AA90>
197,17.988,<PIL.Image.Image image mode=RGB size=300x300 at 0x1BA90619850>
198,33.29,<PIL.Image.Image image mode=RGB size=300x300 at 0x1BA9061AC10>
199,24.12,<PIL.Image.Image image mode=RGB size=300x300 at 0x1BA905FAD90>
200,31.788,<PIL.Image.Image image mode=RGB size=300x300 at 0x1BA9061B090>
201,29.12,<PIL.Image.Image image mode=RGB size=300x300 at 0x1BA8FC4C850>
202,20.988,<PIL.Image.Image image mode=RGB size=300x300 at 0x1BA9061B3D0>
203,17.988,<PIL.Image.Image image mode=RGB size=300x300 at 0x1BA9061B590>
204,52.15,<PIL.Image.Image image mode=RGB size=300x300 at 0x1BA9061B1D0>
205,86.99,<PIL.Image.Image image mode=RGB size=300x300 at 0x1BA9061B890>
206,45.65,<PIL.Image.Image image mode=RGB size=300x300 at 0x1BA90573950>
207,20.988,<PIL.Image.Image image mode=RGB size=300x300 at 0x1BA905FBC10>
208,31.788,<PIL.Image.Image image mode=RGB size=300x300 at 0x1BA905FBD90>
209,35.988,<PIL.Image.Image image mode=RGB size=300x300 at 0x1BA9061BF50>
210,27.74,<PIL.Image.Image image mode=RGB size=300x300 at 0x1BA90624050>
211,27.75,<PIL.Image.Image image mode=RGB size=300x300 at 0x1BA905EC190>
212,192.25,<PIL.Image.Image image mode=RGB size=300x300 at 0x1BA90624350>
213,19.79,<PIL.Image.Image image mode=RGB size=300x300 at 0x1BA90624510>
214,24.61,<PIL.Image.Image image mode=RGB size=300x300 at 0x1BA8FC4C6D0>
215,30.62,<PIL.Image.Image image mode=RGB size=300x300 at 0x1BA8FC0FC10>
216,128.15,<PIL.Image.Image image mode=RGB size=300x300 at 0x1BA905EC990>
217,25.188,<PIL.Image.Image image mode=RGB size=300x300 at 0x1BA90624C90>
218,88.1,<PIL.Image.Image image mode=RGB size=300x300 at 0x1BA90604A90>
219,58.65,<PIL.Image.Image image mode=RGB size=300x300 at 0x1BA90624E90>
220,31.788,<PIL.Image.Image image mode=RGB size=300x300 at 0x1BA905ED150>
221,29.12,<PIL.Image.Image image mode=RGB size=300x300 at 0x1BA90625010>
222,25.788,<PIL.Image.Image image mode=RGB size=300x300 at 0x1BAF006D490>
223,17.988,<PIL.Image.Image image mode=RGB size=300x300 at 0x1BA905E5610>
224,17.988,<PIL.Image.Image image mode=RGB size=300x300 at 0x1BA90624690>
225,132.95,<PIL.Image.Image image mode=RGB size=300x300 at 0x1BA90625850>
226,62.6,<PIL.Image.Image image mode=RGB size=300x300 at 0x1BA906059D0>
227,45.65,<PIL.Image.Image image mode=RGB size=300x300 at 0x1BA90605B50>
228,33.48,<PIL.Image.Image image mode=RGB size=300x300 at 0x1BA90605CD0>
229,17.46,<PIL.Image.Image image mode=RGB size=300x300 at 0x1BA90626190>
230,29.53,<PIL.Image.Image image mode=RGB size=300x300 at 0x1BA905E6010>
231,88.1,<PIL.Image.Image image mode=RGB size=300x300 at 0x1BA905EE290>
232,33.48,<PIL.Image.Image image mode=RGB size=300x300 at 0x1BA90626450>
233,96.15,<PIL.Image.Image image mode=RGB size=300x300 at 0x1BA906065D0>
234,20.988,<PIL.Image.Image image mode=RGB size=300x300 at 0x1BA906268D0>
235,88.1,<PIL.Image.Image image mode=RGB size=300x300 at 0x1BA8D2666D0>
236,79.99,<PIL.Image.Image image mode=RGB size=300x300 at 0x1BA90626B90>
237,33.48,<PIL.Image.Image image mode=RGB size=300x300 at 0x1BA90606C50>
238,45.65,<PIL.Image.Image image mode=RGB size=300x300 at 0x1BA90626E10>
239,27.66,<PIL.Image.Image image mode=RGB size=300x300 at 0x1BA90566F90>
240,35.99,<PIL.Image.Image image mode=RGB size=300x300 at 0x1BA90627190>
241,33.48,<PIL.Image.Image image mode=RGB size=300x300 at 0x1BA906273D0>
242,49.99,<PIL.Image.Image image mode=RGB size=300x300 at 0x1BA90627590>
243,27.75,<PIL.Image.Image image mode=RGB size=300x300 at 0x1BA905EE850>
244,219.99,<PIL.Image.Image image mode=RGB size=300x300 at 0x1BA905EF7D0>
245,49.99,<PIL.Image.Image image mode=RGB size=300x300 at 0x1BA90627B10>
246,28.2,<PIL.Image.Image image mode=RGB size=300x300 at 0x1BA905EFBD0>
247,49.99,<PIL.Image.Image image mode=RGB size=300x300 at 0x1BA90627E50>
248,135.99,<PIL.Image.Image image mode=RGB size=300x300 at 0x1BA90628050>
249,209.99,<PIL.Image.Image image mode=RGB size=300x300 at 0x1BA90618110>
250,129.99,<PIL.Image.Image image mode=RGB size=300x300 at 0x1BA906282D0>
251,149.99,<PIL.Image.Image image mode=RGB size=300x300 at 0x1BA90570450>
252,179.99,<PIL.Image.Image image mode=RGB size=300x300 at 0x1BA90628690>
253,36.99,<PIL.Image.Image image mode=RGB size=300x300 at 0x1BA90628990>
254,36.99,<PIL.Image.Image image mode=RGB size=300x300 at 0x1BA90628C50>
255,36.99,<PIL.Image.Image image mode=RGB size=300x300 at 0x1BA90628ED0>
256,36.99,<PIL.Image.Image image mode=RGB size=300x300 at 0x1BA90629190>
257,36.99,<PIL.Image.Image image mode=RGB size=300x300 at 0x1BA90629450>
258,125.99,<PIL.Image.Image image mode=RGB size=300x300 at 0x1BA905F95D0>
259,21.31,<PIL.Image.Image image mode=RGB size=300x300 at 0x1BA906296D0>
260,25.8,<PIL.Image.Image image mode=RGB size=300x300 at 0x1BA90629910>
261,18.92,<PIL.Image.Image image mode=RGB size=300x300 at 0x1BA90619A10>
262,60.0,<PIL.Image.Image image mode=RGB size=300x300 at 0x1BA90629BD0>
263,21.454,<PIL.Image.Image image mode=RGB size=300x300 at 0x1BA90629E10>
264,27.99,<PIL.Image.Image image mode=RGB size=300x300 at 0x1BA90629F50>
265,44.0,<PIL.Image.Image image mode=RGB size=300x300 at 0x1BA9062A110>
266,32.0,<PIL.Image.Image image mode=RGB size=300x300 at 0x1BA9062A2D0>
267,127.0,<PIL.Image.Image image mode=RGB size=300x300 at 0x1BA9062A490>
268,325.0,<PIL.Image.Image image mode=RGB size=300x300 at 0x1BA9062A650>
269,37.0,<PIL.Image.Image image mode=RGB size=300x300 at 0x1BA906127D0>
270,34.99,<PIL.Image.Image image mode=RGB size=300x300 at 0x1BA9062A990>
271,44.0,<PIL.Image.Image image mode=RGB size=300x300 at 0x1BA9062AB50>
272,16.1,<PIL.Image.Image image mode=RGB size=300x300 at 0x1BA9062AD10>
273,17.83,<PIL.Image.Image image mode=RGB size=300x300 at 0x1BA8EA62E90>
274,53.0,<PIL.Image.Image image mode=RGB size=300x300 at 0x1BA9062B250>
275,103.5,<PIL.Image.Image image mode=RGB size=300x300 at 0x1BA9062B390>
276,25.8,<PIL.Image.Image image mode=RGB size=300x300 at 0x1BA9062B490>
277,41.0,<PIL.Image.Image image mode=RGB size=300x300 at 0x1BA9062B650>
278,21.7,<PIL.Image.Image image mode=RGB size=300x300 at 0x1BA9062B810>
279,39.0,<PIL.Image.Image image mode=RGB size=300x300 at 0x1BA9062B9D0>
280,28.5,<PIL.Image.Image image mode=RGB size=300x300 at 0x1BA90613B50>
281,27.2,<PIL.Image.Image image mode=RGB size=300x300 at 0x1BA9062BD10>
282,55.0,<PIL.Image.Image image mode=RGB size=300x300 at 0x1BA905FBF50>
283,101.0,<PIL.Image.Image image mode=RGB size=300x300 at 0x1BA90638090>
284,447.0,<PIL.Image.Image image mode=RGB size=300x300 at 0x1BA905F8210>
285,43.0,<PIL.Image.Image image mode=RGB size=300x300 at 0x1BA905F8410>
286,44.0,<PIL.Image.Image image mode=RGB size=300x300 at 0x1BA90618510>
287,56.0,<PIL.Image.Image image mode=RGB size=300x300 at 0x1BA906386D0>
288,139.086,<PIL.Image.Image image mode=RGB size=300x300 at 0x1BA90618850>
289,49.0,<PIL.Image.Image image mode=RGB size=300x300 at 0x1BA90638A10>
290,525.0,<PIL.Image.Image image mode=RGB size=300x300 at 0x1BA90638ED0>
291,27.99,<PIL.Image.Image image mode=RGB size=300x300 at 0x1BA90638D50>
292,18.78,<PIL.Image.Image image mode=RGB size=300x300 at 0x1BA90639350>
293,27.2,<PIL.Image.Image image mode=RGB size=300x300 at 0x1BA906191D0>
294,58.0,<PIL.Image.Image image mode=RGB size=300x300 at 0x1BA90639750>
295,58.0,<PIL.Image.Image image mode=RGB size=300x300 at 0x1BA906384D0>
296,244.0,<PIL.Image.Image image mode=RGB size=300x300 at 0x1BA906399D0>
297,21.7,<PIL.Image.Image image mode=RGB size=300x300 at 0x1BA90611B10>
298,49.0,<PIL.Image.Image image mode=RGB size=300x300 at 0x1BA90639CD0>
299,156.265,<PIL.Image.Image image mode=RGB size=300x300 at 0x1BA90619E50>
300,27.6,<PIL.Image.Image image mode=RGB size=300x300 at 0x1BA9063A210>
301,120.471,<PIL.Image.Image image mode=RGB size=300x300 at 0x1BA9063A090>
302,275.0,<PIL.Image.Image image mode=RGB size=300x300 at 0x1BA9061A410>
303,9.83,<PIL.Image.Image image mode=RGB size=300x300 at 0x1BA9063A5D0>
304,27.99,<PIL.Image.Image image mode=RGB size=300x300 at 0x1BA9063A790>
305,16.1,<PIL.Image.Image image mode=RGB size=300x300 at 0x1BA9061A910>
306,18.5,<PIL.Image.Image image mode=RGB size=300x300 at 0x1BA9063AAD0>
307,55.99,<PIL.Image.Image image mode=RGB size=300x300 at 0x1BA9063AC90>
308,51.34,<PIL.Image.Image image mode=RGB size=300x300 at 0x1BA9063AE10>
309,17.25,<PIL.Image.Image image mode=RGB size=300x300 at 0x1BA905FAFD0>
310,64.0,<PIL.Image.Image image mode=RGB size=300x300 at 0x1BA9063B190>
311,127.0,<PIL.Image.Image image mode=RGB size=300x300 at 0x1BA905FB310>
312,158.0,<PIL.Image.Image image mode=RGB size=300x300 at 0x1BA905FB490>
313,85.99,<PIL.Image.Image image mode=RGB size=300x300 at 0x1BA9063B690>
314,56.0,<PIL.Image.Image image mode=RGB size=300x300 at 0x1BA9062B7D0>
315,64.742,<PIL.Image.Image image mode=RGB size=300x300 at 0x1BA9061B950>
316,36.99,<PIL.Image.Image image mode=RGB size=300x300 at 0x1BA9062BB10>
317,244.0,<PIL.Image.Image image mode=RGB size=300x300 at 0x1BA905D3C50>
318,23.5,<PIL.Image.Image image mode=RGB size=300x300 at 0x1BA9063BE10>
319,155.0,<PIL.Image.Image image mode=RGB size=300x300 at 0x1BA90613F90>
320,144.0,<PIL.Image.Image image mode=RGB size=300x300 at 0x1BA9063C190>
321,29.6,<PIL.Image.Image image mode=RGB size=300x300 at 0x1BA90624310>
322,67.0,<PIL.Image.Image image mode=RGB size=300x300 at 0x1BA906244D0>
323,34.44,<PIL.Image.Image image mode=RGB size=300x300 at 0x1BA9063C650>
324,58.99,<PIL.Image.Image image mode=RGB size=300x300 at 0x1BA9063C810>
325,49.0,<PIL.Image.Image image mode=RGB size=300x300 at 0x1BA90624990>
326,17.42,<PIL.Image.Image image mode=RGB size=300x300 at 0x1BA9063CB50>
327,123.294,<PIL.Image.Image image mode=RGB size=300x300 at 0x1BA905EFF90>
328,305.882,<PIL.Image.Image image mode=RGB size=300x300 at 0x1BA9063BF50>
329,68.0,<PIL.Image.Image image mode=RGB size=300x300 at 0x1BA9063C790>
330,54.0,<PIL.Image.Image image mode=RGB size=300x300 at 0x1BA9063CDD0>
331,45.0,<PIL.Image.Image image mode=RGB size=300x300 at 0x1BA9063CF90>
332,38.0,<PIL.Image.Image image mode=RGB size=300x300 at 0x1BA9063D150>
333,51.5,<PIL.Image.Image image mode=RGB size=300x300 at 0x1BA905ED310>
334,48.026,<PIL.Image.Image image mode=RGB size=300x300 at 0x1BA8E35D450>
335,70.0,<PIL.Image.Image image mode=RGB size=300x300 at 0x1BA905ED590>
336,13.18,<PIL.Image.Image image mode=RGB size=300x300 at 0x1BA9063D790>
337,61.99,<PIL.Image.Image image mode=RGB size=300x300 at 0x1BA9063DC10>
338,77.0,<PIL.Image.Image image mode=RGB size=300x300 at 0x1BA905EDAD0>
339,134.0,<PIL.Image.Image image mode=RGB size=300x300 at 0x1BA90625CD0>
340,15.65,<PIL.Image.Image image mode=RGB size=300x300 at 0x1BA9063DE90>
341,50.0,<PIL.Image.Image image mode=RGB size=300x300 at 0x1BA90626010>
342,44.0,<PIL.Image.Image image mode=RGB size=300x300 at 0x1BA9063E1D0>
343,28.59,<PIL.Image.Image image mode=RGB size=300x300 at 0x1BA9063E390>
344,371.0,<PIL.Image.Image image mode=RGB size=300x300 at 0x1BA9063E550>
345,66.99,<PIL.Image.Image image mode=RGB size=300x300 at 0x1BA905EE690>
346,33.9,<PIL.Image.Image image mode=RGB size=300x300 at 0x1BA90626850>
347,345.0,<PIL.Image.Image image mode=RGB size=300x300 at 0x1BA9063EA10>
348,59.99,<PIL.Image.Image image mode=RGB size=300x300 at 0x1BA90566C10>
349,58.24,<PIL.Image.Image image mode=RGB size=300x300 at 0x1BA905EED10>
350,20.99,<PIL.Image.Image image mode=RGB size=300x300 at 0x1BA9063EF10>
351,96.0,<PIL.Image.Image image mode=RGB size=300x300 at 0x1BA8EABDC50>
352,25.8,<PIL.Image.Image image mode=RGB size=300x300 at 0x1BA9063F210>
353,51.85,<PIL.Image.Image image mode=RGB size=300x300 at 0x1BA905EF3D0>
354,19.99,<PIL.Image.Image image mode=RGB size=300x300 at 0x1BA90627550>
355,260.706,<PIL.Image.Image image mode=RGB size=300x300 at 0x1BA90571150>
356,21.35,<PIL.Image.Image image mode=RGB size=300x300 at 0x1BA90607810>
357,20.18,<PIL.Image.Image image mode=RGB size=300x300 at 0x1BA9063FC90>
358,29.99,<PIL.Image.Image image mode=RGB size=300x300 at 0x1BA906079D0>
359,43.0,<PIL.Image.Image image mode=RGB size=300x300 at 0x1BA905EFDD0>
360,70.0,<PIL.Image.Image image mode=RGB size=300x300 at 0x1BA9063FF90>
361,127.0,<PIL.Image.Image image mode=RGB size=300x300 at 0x1BA8FF10210>
362,264.0,<PIL.Image.Image image mode=RGB size=300x300 at 0x1BA90618310>
363,81.0,<PIL.Image.Image image mode=RGB size=300x300 at 0x1BA8FD88490>
364,260.0,<PIL.Image.Image image mode=RGB size=300x300 at 0x1BA8FF106D0>
365,34.0,<PIL.Image.Image image mode=RGB size=300x300 at 0x1BA9063B610>
366,127.0,<PIL.Image.Image image mode=RGB size=300x300 at 0x1BA90610550>
367,12.85,<PIL.Image.Image image mode=RGB size=300x300 at 0x1BA905F85D0>
368,50.99,<PIL.Image.Image image mode=RGB size=300x300 at 0x1BA90612B90>
369,584.0,<PIL.Image.Image image mode=RGB size=300x300 at 0x1BA905F8FD0>
370,54.0,<PIL.Image.Image image mode=RGB size=300x300 at 0x1BA8FF38CD0>
371,60.17,<PIL.Image.Image image mode=RGB size=300x300 at 0x1BA8FCEE990>
372,18.5,<PIL.Image.Image image mode=RGB size=300x300 at 0x1BA90611290>
373,114.0,<PIL.Image.Image image mode=RGB size=300x300 at 0x1BA90619350>
374,37.0,<PIL.Image.Image image mode=RGB size=300x300 at 0x1BA90629410>
375,65.99,<PIL.Image.Image image mode=RGB size=300x300 at 0x1BA8FF39710>
376,35.99,<PIL.Image.Image image mode=RGB size=300x300 at 0x1BA8FF39650>
377,16.1,<PIL.Image.Image image mode=RGB size=300x300 at 0x1BA8FF39810>
378,325.0,<PIL.Image.Image image mode=RGB size=300x300 at 0x1BA8FF39990>
379,87.0,<PIL.Image.Image image mode=RGB size=300x300 at 0x1BA8FF39E50>
380,36.0,<PIL.Image.Image image mode=RGB size=300x300 at 0x1BA90611D10>
381,305.0,<PIL.Image.Image image mode=RGB size=300x300 at 0x1BA8FF39F90>
382,428.0,<PIL.Image.Image image mode=RGB size=300x300 at 0x1BA9062A0D0>
383,24.8,<PIL.Image.Image image mode=RGB size=300x300 at 0x1BA8FF3A4D0>
384,75.0,<PIL.Image.Image image mode=RGB size=300x300 at 0x1BA8FF3A350>
385,13.99,<PIL.Image.Image image mode=RGB size=300x300 at 0x1BA905FA710>
386,81.6,<PIL.Image.Image image mode=RGB size=300x300 at 0x1BA8FF3A890>
387,183.0,<PIL.Image.Image image mode=RGB size=300x300 at 0x1BA8FF3AA90>
388,58.99,<PIL.Image.Image image mode=RGB size=300x300 at 0x1BA8FF12B90>
389,58.99,<PIL.Image.Image image mode=RGB size=300x300 at 0x1BA90612F90>
390,192.0,<PIL.Image.Image image mode=RGB size=300x300 at 0x1BA8FF3B110>
391,90.0,<PIL.Image.Image image mode=RGB size=300x300 at 0x1BA8FF3B1D0>
392,56.0,<PIL.Image.Image image mode=RGB size=300x300 at 0x1BA9062B350>
393,34.99,<PIL.Image.Image image mode=RGB size=300x300 at 0x1BA9062B450>
394,43.0,<PIL.Image.Image image mode=RGB size=300x300 at 0x1BA8FF3B5D0>
395,24.64,<PIL.Image.Image image mode=RGB size=300x300 at 0x1BA8FF3B750>
396,160.0,<PIL.Image.Image image mode=RGB size=300x300 at 0x1BA90613890>
397,87.99,<PIL.Image.Image image mode=RGB size=300x300 at 0x1BA8FF1B9D0>
398,53.65,<PIL.Image.Image image mode=RGB size=300x300 at 0x1BA9062BB50>
399,23.4,<PIL.Image.Image image mode=RGB size=300x300 at 0x1BA8FF3BF50>
400,168.0,<PIL.Image.Image image mode=RGB size=300x300 at 0x1BA9061BD90>
401,81.88,<PIL.Image.Image image mode=RGB size=300x300 at 0x1BA8FF50450>
402,53.768,<PIL.Image.Image image mode=RGB size=300x300 at 0x1BA905D3410>
403,198.287,<PIL.Image.Image image mode=RGB size=300x300 at 0x1BA8FF10550>
404,19.99,<PIL.Image.Image image mode=RGB size=300x300 at 0x1BA906106D0>
405,23.4,<PIL.Image.Image image mode=RGB size=300x300 at 0x1BA8FF50850>
406,34.99,<PIL.Image.Image image mode=RGB size=300x300 at 0x1BA8FF50A50>
407,131.0,<PIL.Image.Image image mode=RGB size=300x300 at 0x1BA90610B90>
408,98.0,<PIL.Image.Image image mode=RGB size=300x300 at 0x1BA90618D50>
409,130.976,<PIL.Image.Image image mode=RGB size=300x300 at 0x1BA8FF50F10>
410,33.5,<PIL.Image.Image image mode=RGB size=300x300 at 0x1BA8FD79090>
411,75.0,<PIL.Image.Image image mode=RGB size=300x300 at 0x1BA8FF39210>
412,34.0,<PIL.Image.Image image mode=RGB size=300x300 at 0x1BA8FF513D0>
413,40.0,<PIL.Image.Image image mode=RGB size=300x300 at 0x1BA8FF51590>
414,49.99,<PIL.Image.Image image mode=RGB size=300x300 at 0x1BA90639710>
415,58.938,<PIL.Image.Image image mode=RGB size=300x300 at 0x1BA90619890>
416,525.0,<PIL.Image.Image image mode=RGB size=300x300 at 0x1BA8FF51D10>
417,50.0,<PIL.Image.Image image mode=RGB size=300x300 at 0x1BA90619BD0>
418,34.99,<PIL.Image.Image image mode=RGB size=300x300 at 0x1BA8FF39E10>
419,122.5,<PIL.Image.Image image mode=RGB size=300x300 at 0x1BA8FF51FD0>
420,44.173,<PIL.Image.Image image mode=RGB size=300x300 at 0x1BA8FF52190>
421,407.0,<PIL.Image.Image image mode=RGB size=300x300 at 0x1BA905FA350>
422,15.2,<PIL.Image.Image image mode=RGB size=300x300 at 0x1BA8FF3A490>
423,25.48,<PIL.Image.Image image mode=RGB size=300x300 at 0x1BA9062A610>
424,26.99,<PIL.Image.Image image mode=RGB size=300x300 at 0x1BA8FF52A10>
425,50.0,<PIL.Image.Image image mode=RGB size=300x300 at 0x1BA9062A7D0>
426,79.99,<PIL.Image.Image image mode=RGB size=300x300 at 0x1BA905FAC10>
427,61.99,<PIL.Image.Image image mode=RGB size=300x300 at 0x1BA8FF52D90>
428,201.0,<PIL.Image.Image image mode=RGB size=300x300 at 0x1BA8FF52F10>
429,264.0,<PIL.Image.Image image mode=RGB size=300x300 at 0x1BA90613110>
430,47.18,<PIL.Image.Image image mode=RGB size=300x300 at 0x1BA8FF532D0>
431,57.106,<PIL.Image.Image image mode=RGB size=300x300 at 0x1BA8FF3B410>
432,30.47,<PIL.Image.Image image mode=RGB size=300x300 at 0x1BA8FF3B590>
433,131.0,<PIL.Image.Image image mode=RGB size=300x300 at 0x1BA8FF3B710>
434,27.99,<PIL.Image.Image image mode=RGB size=300x300 at 0x1BA8FF3B890>
435,525.0,<PIL.Image.Image image mode=RGB size=300x300 at 0x1BA8FF53D10>
436,69.01,<PIL.Image.Image image mode=RGB size=300x300 at 0x1BA8FF52D10>
437,63.99,<PIL.Image.Image image mode=RGB size=300x300 at 0x1BA8FF53ED0>
438,63.0,<PIL.Image.Image image mode=RGB size=300x300 at 0x1BA8FF5C090>
439,223.375,<PIL.Image.Image image mode=RGB size=300x300 at 0x1BA8FF5C250>
440,59.99,<PIL.Image.Image image mode=RGB size=300x300 at 0x1BA905EC3D0>
441,117.0,<PIL.Image.Image image mode=RGB size=300x300 at 0x1BA905E4510>
442,57.99,<PIL.Image.Image image mode=RGB size=300x300 at 0x1BA8FF5C750>
443,41.63,<PIL.Image.Image image mode=RGB size=300x300 at 0x1BA8FF5C8D0>
444,48.0,<PIL.Image.Image image mode=RGB size=300x300 at 0x1BA90624A90>
445,106.0,<PIL.Image.Image image mode=RGB size=300x300 at 0x1BA8FF5CC50>
446,84.0,<PIL.Image.Image image mode=RGB size=300x300 at 0x1BA8FF5CDD0>
447,386.0,<PIL.Image.Image image mode=RGB size=300x300 at 0x1BA9063CF50>
448,119.99,<PIL.Image.Image image mode=RGB size=300x300 at 0x1BA8FF5D110>
449,106.99,<PIL.Image.Image image mode=RGB size=300x300 at 0x1BA8FF5D590>
450,63.0,<PIL.Image.Image image mode=RGB size=300x300 at 0x1BA8FF5D2D0>
451,127.0,<PIL.Image.Image image mode=RGB size=300x300 at 0x1BA8FF5D710>
452,43.77,<PIL.Image.Image image mode=RGB size=300x300 at 0x1BA8FCED890>
453,74.0,<PIL.Image.Image image mode=RGB size=300x300 at 0x1BA905E5A10>
454,362.0,<PIL.Image.Image image mode=RGB size=300x300 at 0x1BA8FF5DBD0>
455,170.0,<PIL.Image.Image image mode=RGB size=300x300 at 0x1BA8FF5DD50>
456,48.5,<PIL.Image.Image image mode=RGB size=300x300 at 0x1BA8FF5DF50>
457,24.1,<PIL.Image.Image image mode=RGB size=300x300 at 0x1BA8FF5E350>
458,50.0,<PIL.Image.Image image mode=RGB size=300x300 at 0x1BA90626110>
459,20.12,<PIL.Image.Image image mode=RGB size=300x300 at 0x1BA8FF5E810>
460,59.665,<PIL.Image.Image image mode=RGB size=300x300 at 0x1BA906266D0>
461,41.99,<PIL.Image.Image image mode=RGB size=300x300 at 0x1BA8FF5E950>
462,135.0,<PIL.Image.Image image mode=RGB size=300x300 at 0x1BA8FF5EBD0>
463,35.99,<PIL.Image.Image image mode=RGB size=300x300 at 0x1BA8FF5ECD0>
464,168.0,<PIL.Image.Image image mode=RGB size=300x300 at 0x1BA8FF5EE90>
465,69.795,<PIL.Image.Image image mode=RGB size=300x300 at 0x1BA9063F010>
466,135.0,<PIL.Image.Image image mode=RGB size=300x300 at 0x1BA90627150>
467,52.99,<PIL.Image.Image image mode=RGB size=300x300 at 0x1BA8FF5F350>
468,19.99,<PIL.Image.Image image mode=RGB size=300x300 at 0x1BA8FCA7510>
469,71.0,<PIL.Image.Image image mode=RGB size=300x300 at 0x1BA90607650>
470,59.99,<PIL.Image.Image image mode=RGB size=300x300 at 0x1BA8FF5FA10>
471,233.0,<PIL.Image.Image image mode=RGB size=300x300 at 0x1BA8FF5F890>
472,74.5,<PIL.Image.Image image mode=RGB size=300x300 at 0x1BAF00DFCD0>
473,20.79,<PIL.Image.Image image mode=RGB size=300x300 at 0x1BA8FF64110>
474,32.927,<PIL.Image.Image image mode=RGB size=300x300 at 0x1BA90629F10>
475,293.0,<PIL.Image.Image image mode=RGB size=300x300 at 0x1BA8FF642D0>
476,52.99,<PIL.Image.Image image mode=RGB size=300x300 at 0x1BA8FF5C3D0>
477,67.0,<PIL.Image.Image image mode=RGB size=300x300 at 0x1BA905EC550>
478,38.0,<PIL.Image.Image image mode=RGB size=300x300 at 0x1BA90604750>
479,219.0,<PIL.Image.Image image mode=RGB size=300x300 at 0x1BA90624850>
480,19.85,<PIL.Image.Image image mode=RGB size=300x300 at 0x1BA8FF64A10>
481,160.0,<PIL.Image.Image image mode=RGB size=300x300 at 0x1BA8FF64BD0>
482,63.99,<PIL.Image.Image image mode=RGB size=300x300 at 0x1BA8FF64D50>
483,27.99,<PIL.Image.Image image mode=RGB size=300x300 at 0x1BA8FF64F50>
484,28.33,<PIL.Image.Image image mode=RGB size=300x300 at 0x1BA8FF650D0>
485,101.99,<PIL.Image.Image image mode=RGB size=300x300 at 0x1BA8FF652D0>
486,71.029,<PIL.Image.Image image mode=RGB size=300x300 at 0x1BA9063D450>
487,27.4,<PIL.Image.Image image mode=RGB size=300x300 at 0x1BA8FF65610>
488,182.0,<PIL.Image.Image image mode=RGB size=300x300 at 0x1BA8FF657D0>
489,16.025,<PIL.Image.Image image mode=RGB size=300x300 at 0x1BA8FF65990>
490,52.99,<PIL.Image.Image image mode=RGB size=300x300 at 0x1BA90625B50>
491,57.0,<PIL.Image.Image image mode=RGB size=300x300 at 0x1BA8FF65CD0>
492,41.35,<PIL.Image.Image image mode=RGB size=300x300 at 0x1BA8FF65E50>
493,15.09,<PIL.Image.Image image mode=RGB size=300x300 at 0x1BA8FF66010>
494,207.0,<PIL.Image.Image image mode=RGB size=300x300 at 0x1BA9063E190>
495,63.99,<PIL.Image.Image image mode=RGB size=300x300 at 0x1BA90606310>
496,119.99,<PIL.Image.Image image mode=RGB size=300x300 at 0x1BA8FF5FE50>
497,131.0,<PIL.Image.Image image mode=RGB size=300x300 at 0x1BA906265D0>
498,98.0,<PIL.Image.Image image mode=RGB size=300x300 at 0x1BA905E6790>
499,72.69,<PIL.Image.Image image mode=RGB size=300x300 at 0x1BA8FF5E910>
500,44.845,<PIL.Image.Image image mode=RGB size=300x300 at 0x1BA8FF66B10>
501,20.99,<PIL.Image.Image image mode=RGB size=300x300 at 0x1BA9063EC10>
502,59.99,<PIL.Image.Image image mode=RGB size=300x300 at 0x1BA8FF66FD0>
503,96.247,<PIL.Image.Image image mode=RGB size=300x300 at 0x1BA8FF66E50>
504,176.0,<PIL.Image.Image image mode=RGB size=300x300 at 0x1BA8FF671D0>
505,149.934,<PIL.Image.Image image mode=RGB size=300x300 at 0x1BA8FF67690>
506,50.0,<PIL.Image.Image image mode=RGB size=300x300 at 0x1BA8FF67850>
507,39.99,<PIL.Image.Image image mode=RGB size=300x300 at 0x1BA8FCEF910>
508,51.99,<PIL.Image.Image image mode=RGB size=300x300 at 0x1BA8FF67A90>
509,30.19,<PIL.Image.Image image mode=RGB size=300x300 at 0x1BA8FF67C50>
510,65.488,<PIL.Image.Image image mode=RGB size=300x300 at 0x1BA9063FDD0>
511,98.0,<PIL.Image.Image image mode=RGB size=300x300 at 0x1BA8FF67FD0>
512,15.99,<PIL.Image.Image image mode=RGB size=300x300 at 0x1BA8FF701D0>
513,55.0,<PIL.Image.Image image mode=RGB size=300x300 at 0x1BA8FF70390>
514,216.0,<PIL.Image.Image image mode=RGB size=300x300 at 0x1BA8FF70510>
515,22.255,<PIL.Image.Image image mode=RGB size=300x300 at 0x1BA8FF706D0>
516,296.0,<PIL.Image.Image image mode=RGB size=300x300 at 0x1BA90638850>
517,29.99,<PIL.Image.Image image mode=RGB size=300x300 at 0x1BA8FF50A10>
518,15.9,<PIL.Image.Image image mode=RGB size=300x300 at 0x1BA8FF70B90>
519,106.0,<PIL.Image.Image image mode=RGB size=300x300 at 0x1BA8FF70D50>
520,53.768,<PIL.Image.Image image mode=RGB size=300x300 at 0x1BA8FF50ED0>
521,41.42,<PIL.Image.Image image mode=RGB size=300x300 at 0x1BA8FF71350>
522,51.99,<PIL.Image.Image image mode=RGB size=300x300 at 0x1BA8FF51210>
523,26.88,<PIL.Image.Image image mode=RGB size=300x300 at 0x1BA8FF71490>
524,145.0,<PIL.Image.Image image mode=RGB size=300x300 at 0x1BA90639610>
525,67.0,<PIL.Image.Image image mode=RGB size=300x300 at 0x1BA8FF397D0>
526,447.0,<PIL.Image.Image image mode=RGB size=300x300 at 0x1BA90611910>
527,132.0,<PIL.Image.Image image mode=RGB size=300x300 at 0x1BA8FF71DD0>
528,72.0,<PIL.Image.Image image mode=RGB size=300x300 at 0x1BA8FF70CD0>
529,84.0,<PIL.Image.Image image mode=RGB size=300x300 at 0x1BA8FF39F50>
530,54.89,<PIL.Image.Image image mode=RGB size=300x300 at 0x1BA9061A090>
531,45.79,<PIL.Image.Image image mode=RGB size=300x300 at 0x1BA9061A250>
532,14.48,<PIL.Image.Image image mode=RGB size=300x300 at 0x1BA90612390>
533,39.99,<PIL.Image.Image image mode=RGB size=300x300 at 0x1BA8FF72550>
534,91.99,<PIL.Image.Image image mode=RGB size=300x300 at 0x1BA8FF72710>
535,168.0,<PIL.Image.Image image mode=RGB size=300x300 at 0x1BA8FF728D0>
536,35.99,<PIL.Image.Image image mode=RGB size=300x300 at 0x1BA8FF72A90>
537,109.99,<PIL.Image.Image image mode=RGB size=300x300 at 0x1BA8FF52C10>
538,59.834,<PIL.Image.Image image mode=RGB size=300x300 at 0x1BA8FF72D50>
539,54.99,<PIL.Image.Image image mode=RGB size=300x300 at 0x1BA8FF72F90>
540,65.0,<PIL.Image.Image image mode=RGB size=300x300 at 0x1BA8FF53110>
541,180.782,<PIL.Image.Image image mode=RGB size=300x300 at 0x1BA8FF73290>
542,8.4,<PIL.Image.Image image mode=RGB size=300x300 at 0x1BA8FF53410>
543,97.76,<PIL.Image.Image image mode=RGB size=300x300 at 0x1BA8FF738D0>
544,61.406,<PIL.Image.Image image mode=RGB size=300x300 at 0x1BA90613750>
545,316.0,<PIL.Image.Image image mode=RGB size=300x300 at 0x1BA8FF3B9D0>
546,30.676,<PIL.Image.Image image mode=RGB size=300x300 at 0x1BA8FF3BB50>
547,21.21,<PIL.Image.Image image mode=RGB size=300x300 at 0x1BA8FF53CD0>
548,135.0,<PIL.Image.Image image mode=RGB size=300x300 at 0x1BA90613E10>
549,48.0,<PIL.Image.Image image mode=RGB size=300x300 at 0x1BA90638050>
550,20.5,<PIL.Image.Image image mode=RGB size=300x300 at 0x1BA8FF70190>
551,131.0,<PIL.Image.Image image mode=RGB size=300x300 at 0x1BA8FF70350>
552,167.0,<PIL.Image.Image image mode=RGB size=300x300 at 0x1BA8FF10490>
553,50.99,<PIL.Image.Image image mode=RGB size=300x300 at 0x1BA90628650>
554,100.0,<PIL.Image.Image image mode=RGB size=300x300 at 0x1BA905F87D0>
555,190.118,<PIL.Image.Image image mode=RGB size=300x300 at 0x1BA90628910>
556,149.934,<PIL.Image.Image image mode=RGB size=300x300 at 0x1BA8FF78AD0>
557,138.0,<PIL.Image.Image image mode=RGB size=300x300 at 0x1BA8FF78CD0>
558,87.0,<PIL.Image.Image image mode=RGB size=300x300 at 0x1BA8FF79110>
559,61.5,<PIL.Image.Image image mode=RGB size=300x300 at 0x1BA8FF18FD0>
560,268.0,<PIL.Image.Image image mode=RGB size=300x300 at 0x1BA8FF71210>
561,52.0,<PIL.Image.Image image mode=RGB size=300x300 at 0x1BA8FF39350>
562,144.0,<PIL.Image.Image image mode=RGB size=300x300 at 0x1BA8FF79550>
563,428.0,<PIL.Image.Image image mode=RGB size=300x300 at 0x1BA8FF796D0>
564,61.99,<PIL.Image.Image image mode=RGB size=300x300 at 0x1BA8FF51890>
565,46.0,<PIL.Image.Image image mode=RGB size=300x300 at 0x1BA90629A10>
566,63.99,<PIL.Image.Image image mode=RGB size=300x300 at 0x1BA8FF79E50>
567,20.99,<PIL.Image.Image image mode=RGB size=300x300 at 0x1BA8FF51090>
568,32.355,<PIL.Image.Image image mode=RGB size=300x300 at 0x1BA8FF7A050>
569,56.5,<PIL.Image.Image image mode=RGB size=300x300 at 0x1BA8FF7A210>
570,88.99,<PIL.Image.Image image mode=RGB size=300x300 at 0x1BA8FF7A410>
571,32.0,<PIL.Image.Image image mode=RGB size=300x300 at 0x1BA8FF7A790>
572,23.4,<PIL.Image.Image image mode=RGB size=300x300 at 0x1BA8FF7AA50>
573,584.0,<PIL.Image.Image image mode=RGB size=300x300 at 0x1BA8FF7AD90>
574,19.99,<PIL.Image.Image image mode=RGB size=300x300 at 0x1BA9063AC50>
575,55.5,<PIL.Image.Image image mode=RGB size=300x300 at 0x1BA8FF72F50>
576,24.1,<PIL.Image.Image image mode=RGB size=300x300 at 0x1BA8FF7B250>
577,38.743,<PIL.Image.Image image mode=RGB size=300x300 at 0x1BA8FF7B0D0>
578,49.05,<PIL.Image.Image image mode=RGB size=300x300 at 0x1BA8FF3B450>
579,33.75,<PIL.Image.Image image mode=RGB size=300x300 at 0x1BA8FF7B610>
580,127.0,<PIL.Image.Image image mode=RGB size=300x300 at 0x1BA8FD7B810>
581,42.26,<PIL.Image.Image image mode=RGB size=300x300 at 0x1BA8FF7B950>
582,98.99,<PIL.Image.Image image mode=RGB size=300x300 at 0x1BA9063BB10>
583,44.8,<PIL.Image.Image image mode=RGB size=300x300 at 0x1BA8FF7BCD0>
584,52.0,<PIL.Image.Image image mode=RGB size=300x300 at 0x1BA8FF73E10>
585,23.92,<PIL.Image.Image image mode=RGB size=300x300 at 0x1BA9063BF90>
586,81.25,<PIL.Image.Image image mode=RGB size=300x300 at 0x1BA9063C150>
587,131.0,<PIL.Image.Image image mode=RGB size=300x300 at 0x1BA8FF84310>
588,127.0,<PIL.Image.Image image mode=RGB size=300x300 at 0x1BA8FF844D0>
589,19.48,<PIL.Image.Image image mode=RGB size=300x300 at 0x1BA8FF84690>
590,56.0,<PIL.Image.Image image mode=RGB size=300x300 at 0x1BA8FF84A90>
591,9.4,<PIL.Image.Image image mode=RGB size=300x300 at 0x1BA8FF64850>
592,20.18,<PIL.Image.Image image mode=RGB size=300x300 at 0x1BA8FF84C90>
593,262.0,<PIL.Image.Image image mode=RGB size=300x300 at 0x1BA8FF84E50>
594,131.0,<PIL.Image.Image image mode=RGB size=300x300 at 0x1BA90624F90>
595,87.0,<PIL.Image.Image image mode=RGB size=300x300 at 0x1BA8FF85310>
596,52.99,<PIL.Image.Image image mode=RGB size=300x300 at 0x1BA9063D110>
597,49.822,<PIL.Image.Image image mode=RGB size=300x300 at 0x1BA906054D0>
598,59.99,<PIL.Image.Image image mode=RGB size=300x300 at 0x1BA8FF5D6D0>
599,54.182,<PIL.Image.Image image mode=RGB size=300x300 at 0x1BA90625810>
600,23.5,<PIL.Image.Image image mode=RGB size=300x300 at 0x1BA8FF859D0>
601,52.99,<PIL.Image.Image image mode=RGB size=300x300 at 0x1BA8FF85B50>
